<?xml version="1.0" ?>
<catalog xmlns="urn:oasis:names:tc:entity:xmlns:xml:catalog"
         prefer="public">

  <public publicId="-//OASIS//DTD LW DITA Topic//EN" uri="dtd/topic.dtd"/>
  <public publicId="-//OASIS//DTD LW DITA Map//EN" uri="dtd/map.dtd"/>

  <public publicId="-//OASIS//ELEMENTS LW DITA Topic//EN" uri="dtd/topic.mod"/>
  <public publicId="-//OASIS//ELEMENTS LW DITA Map//EN" uri="dtd/map.mod"/>

  <public publicId="-//OASIS//ELEMENTS LW DITA Highlight Domain//EN" uri="dtd/highlightDomain.mod"/>

  <!-- ================================================================ -->
       
       <group xml:base="schema/">
              <system systemId="topic.xsd" uri="topic.xsd" />
              <system systemId="urn:lw:names:dita:xsd:topic.xsd" uri="topic.xsd" />
              
              <uri name="topic.xsd" uri="topic.xsd" />
              <uri name="urn:lw:names:dita:xsd:topic.xsd" uri="topic.xsd" />
              
              <system systemId="topicMod.xsd" uri="topicMod.xsd" />
              <system systemId="urn:lw:names:dita:xsd:topicMod.xsd" uri="topicMod.xsd" />
              
              <uri name="" uri="topicMod.xsd" />
              <uri name="urn:lw:names:dita:xsd:topicMod.xsd" uri="topicMod.xsd" />
              
              <system systemId="map.xsd" uri="map.xsd" />
              <system systemId="urn:lw:names:dita:xsd:map.xsd" uri="map.xsd" />
              
              <uri name="map.xsd" uri="map.xsd" />
              <uri name="urn:lw:names:dita:xsd:map.xsd" uri="map.xsd" />
              
              <system systemId="mapMod.xsd" uri="mapMod.xsd" />
              <system systemId="urn:lw:names:dita:xsd:mapMod.xsd" uri="mapMod.xsd" />
              
              <uri name="mapMod.xsd" uri="mapMod.xsd" />
              <uri name="urn:lw:names:dita:xsd:mapMod.xsd" uri="mapMod.xsd" />
              
              <system systemId="highlightDomainMod.xsd" uri="highlightDomainMod.xsd" />
              <system systemId="urn:lw:names:dita:xsd:highlightDomainMod.xsd" uri="highlightDomainMod.xsd" />
              
              <uri name="highlightDomainMod.xsd" uri="highlightDomainMod.xsd" />
              <uri name="urn:lw:names:dita:xsd:highlightDomainMod.xsd" uri="highlightDomainMod.xsd" />
              
              <system systemId="ditaarch.xsd" uri="ditaarch.xsd" />
              <system systemId="urn:lw:names:dita:xsd:ditaarch.xsd" uri="ditaarch.xsd" />
              
              <uri name="ditaarch.xsd" uri="ditaarch.xsd" />
              <uri name="urn:lw:names:dita:xsd:ditaarch.xsd" uri="ditaarch.xsd" />
              
              <system systemId="xml.xsd" uri="xml.xsd" />
              <system systemId="urn:lw:names:dita:xsd:xml.xsd" uri="xml.xsd" />
              
              <uri name="xml.xsd" uri="xml.xsd" />
              <uri name="urn:lw:names:dita:xsd:xml.xsd" uri="xml.xsd" />

       </group>

</catalog>
